datetime,global_active_power,global_reactive_power,voltage,global_intensity,sub_metering_1,sub_metering_2,sub_metering_3,total_sub_metering,target_next_hour_power
2021-01-01 00:00:00,1.3490142459033698,0.19630887737658206,246.99677718293,5.778361076166638,5,1,21,27,1.1585207096486445
2021-01-01 01:00:00,1.1585207096486445,0.24547083202350653,244.62316841456385,4.448814283671466,10,26,0,36,1.3943065614302077
2021-01-01 02:00:00,1.3943065614302077,0.08007162130904293,240.29815184960088,4.1818011165776925,2,8,16,26,1.6569089569224076
2021-01-01 03:00:00,1.6569089569224076,0.17814846183452854,236.76531611147212,4.996625542589048,7,28,10,45,1.1297539875829992
2021-01-01 04:00:00,1.1297539875829992,0.11746787154390864,243.49111656806795,4.829815377475072,2,8,9,19,1.1297589129152459
2021-01-01 05:00:00,1.1297589129152459,0.1256437308117652,241.96742692710876,4.546771950672725,13,12,18,43,1.6737638446522174
2021-01-01 06:00:00,1.6737638446522174,0.12038030378805653,244.47596610013866,5.696387447456715,12,5,13,30,1.4302304187458725
2021-01-01 07:00:00,1.4302304187458725,0.10680046151600919,243.17585900840984,5.955305208570511,12,5,9,26,1.0591576842195143
2021-01-01 08:00:00,1.0591576842195143,0.15242608139724134,245.24776357659667,5.088406886291847,1,19,14,34,1.3627680130757893
2021-01-01 09:00:00,1.3627680130757893,0.1084524941794481,237.32382394219715,6.477530081055262,12,19,18,49,1.0609746921562613
2021-01-01 10:00:00,1.0609746921562613,0.16352284128899194,246.58697032817162,3.858310885866495,18,20,3,41,1.0602810739289228
2021-01-01 11:00:00,1.0602810739289228,0.14748809452754313,240.987998023462,4.8063405407202815,5,2,1,8,1.2725886814698102
2021-01-01 12:00:00,1.2725886814698102,0.13805259765667952,250.37630436312634,4.283177679397195,15,16,8,39,0.6260159266026606
2021-01-01 13:00:00,0.6260159266026606,0.1046218168979201,236.55406090955216,3.13346338292694,1,16,9,26,0.6825246502460901
2021-01-01 14:00:00,0.6825246502460901,0.12116143347158335,248.67981901582624,4.917319314157301,7,11,10,28,1.0313137412277082
2021-01-01 15:00:00,1.0313137412277082,0.1877695612912878,240.98955391731323,4.878252491616716,16,15,13,44,0.8961506638996728
2021-01-01 16:00:00,0.8961506638996728,0.17504585938121903,236.74290998192777,6.5134497432421306,1,14,6,21,1.294274199778582
2021-01-01 17:00:00,1.294274199778582,0.10112223776007244,237.5805708297284,5.630811684554778,9,12,22,43,0.9275927773436368
2021-01-01 18:00:00,0.9275927773436368,0.1549666152714613,238.39826345902839,3.975813175670795,15,22,14,51,0.7763088895994126
2021-01-01 19:00:00,0.7763088895994126,0.18756935616858944,242.12082973200958,6.854092566334188,5,0,21,26,1.6396946306764661
2021-01-01 20:00:00,1.6396946306764661,0.0665297359439314,242.61417744017749,6.221033695525353,1,16,18,35,1.1322671098540393
2021-01-01 21:00:00,1.1322671098540393,0.17716800961899676,237.1314999803071,5.582097703468616,1,2,21,24,1.2202584614063772
2021-01-01 22:00:00,1.2202584614063772,0.11686881205270766,239.8782270386951,4.773515901150168,12,25,14,51,0.772575544135963
2021-01-01 23:00:00,0.772575544135963,0.17852993342965795,250.71135179305932,4.04056076327652,14,14,23,51,1.0366851826424452
2021-01-02 00:00:00,1.0366851826424452,0.11183704217287416,248.63771585050355,4.627793223928947,1,3,7,11,1.2332767769129598
2021-01-02 01:00:00,1.2332767769129598,0.05975589496677404,242.18161834837016,6.088748619704186,6,3,10,19,0.8547019267733091
2021-01-02 02:00:00,0.8547019267733091,0.06862287810584186,240.190017390841,6.884586305934609,2,17,8,27,1.3127094055037016
2021-01-02 03:00:00,1.3127094055037016,0.1524042473330691,240.6001566335913,6.543243528272189,7,16,14,37,1.0198083930243584
2021-01-02 04:00:00,1.0198083930243584,0.16298612508607407,243.06758986365207,4.511150578213726,13,18,0,31,1.112491875062017
2021-01-02 05:00:00,1.112491875062017,0.10478416874477955,234.88603717400798,3.880382566710989,6,10,0,16,1.0194880163311808
2021-01-02 06:00:00,1.0194880163311808,0.1819296229388687,238.71311731288327,5.1408862469112035,6,19,18,43,1.7556834553526812
2021-01-02 07:00:00,1.7556834553526812,0.066923996886552,231.65707963061206,3.231560634437148,0,2,2,4,1.1959508325786197
2021-01-02 08:00:00,1.1959508325786197,0.14669601006763416,241.9961156130264,5.323167714184781,16,7,9,32,0.8826867213132299
2021-01-02 09:00:00,0.8826867213132299,0.08944919001187715,243.23597969851372,4.852397413701332,8,13,7,28,1.4467634736309567
2021-01-02 10:00:00,1.4467634736309567,0.11740819460989203,237.58406768850313,4.533963498131758,12,25,14,51,0.8337469050086933
2021-01-02 11:00:00,0.8337469050086933,0.1523699335658207,247.86993381645016,3.4052969327332043,18,0,9,27,1.2626590785014267
2021-01-02 12:00:00,1.2626590785014267,0.10697933173580237,233.8711716849883,5.513600106569717,18,13,0,31,0.6120989628360674
2021-01-02 13:00:00,0.6120989628360674,0.13077222278850872,232.67812559895088,4.467299160338088,16,1,17,34,0.8015441853304708
2021-01-02 14:00:00,0.8015441853304708,0.20031464046072203,241.12225909279985,3.8300831642897117,9,28,1,38,1.259058370760737
2021-01-02 15:00:00,1.259058370760737,0.12115540652384256,245.23549151306077,2.1277377867183507,9,22,18,49,1.4215399739986232
2021-01-02 16:00:00,1.4215399739986232,0.19178460560325708,248.41963845728935,4.972485094949364,3,3,12,18,1.251410484356991
2021-01-02 17:00:00,1.251410484356991,0.09351465726711908,237.7055786856553,6.772251596669744,7,23,21,51,1.1653055152835279
2021-01-02 18:00:00,1.1653055152835279,0.17649020889576414,245.3934041671565,6.66125921454787,19,26,0,45,1.1096688913232133
2021-01-02 19:00:00,1.1096688913232133,0.222078431032895,239.80745765249645,4.542903743413728,19,28,1,48,0.7564434028897717
2021-01-02 20:00:00,0.7564434028897717,0.026417774993635526,239.1368635002959,4.39778793963822,17,18,15,50,0.9840467374815873
2021-01-02 21:00:00,0.9840467374815873,0.11015523722647616,244.41829968743338,5.468774256075024,13,5,14,32,1.0618083687120636
2021-01-02 22:00:00,1.0618083687120636,0.178853606359027,243.2616143920671,4.001614560811708,17,24,12,53,1.5171366678656746
2021-01-02 23:00:00,1.5171366678656746,0.13984773069785036,232.11803921507874,5.301791899819466,13,0,15,28,1.3030854868705384
2021-01-03 00:00:00,1.3030854868705384,0.16855729366856542,247.38270174862947,5.76608027838469,19,16,16,51,0.6710879533911798
2021-01-03 01:00:00,0.6710879533911798,0.11980074066420897,246.90045677073726,6.226933223884307,14,7,20,41,1.2972251908184385
2021-01-03 02:00:00,1.2972251908184385,0.154329489373645,236.87218649245236,4.899845923520047,3,18,6,27,1.084475315875105
2021-01-03 03:00:00,1.084475315875105,0.14221613823039603,241.97901766718704,4.796326249823034,12,20,23,55,0.9969233999082123
2021-01-03 04:00:00,0.9969233999082123,0.20838910308299036,242.47015093141368,4.122017413243439,7,0,16,23,1.3835028866522603
2021-01-03 05:00:00,1.3835028866522603,0.16272104216506064,241.30336882911953,4.17311964596014,17,4,6,27,1.5092998567487852
2021-01-03 06:00:00,1.5092998567487852,0.1668801331037601,237.2484742307729,4.773521108098473,11,26,12,49,1.4793840357348595
2021-01-03 07:00:00,1.4793840357348595,0.12940615169387662,236.64188316030973,5.367365506816178,13,15,4,32,0.9482347430332084
2021-01-03 08:00:00,0.9482347430332084,0.1256196887963753,239.87222964504278,5.913584626233249,1,5,16,22,1.1072362872446355
2021-01-03 09:00:00,1.1072362872446355,0.12837209060901894,245.86364509629684,4.196821049319655,17,7,2,26,1.2993790294210692
2021-01-03 10:00:00,1.2993790294210692,0.16972260711891485,242.71800077297218,6.4926885689595215,1,12,6,19,1.4926635381367077
2021-01-03 11:00:00,1.4926635381367077,0.12895077595898685,238.14692833956946,4.728876398957431,10,15,16,41,1.056247728646413
2021-01-03 12:00:00,1.056247728646413,0.16448874284482065,243.85849355324171,4.978632705651564,8,29,6,43,1.144302307000855
2021-01-03 13:00:00,1.144302307000855,0.25377003993227193,225.75728689684962,4.252788320852177,11,2,20,33,0.8680995077981914
2021-01-03 14:00:00,0.8680995077981914,0.1935562351715846,245.74382850186052,2.5757597397270584,16,18,0,34,0.8411380127757988
2021-01-03 15:00:00,0.8411380127757988,0.13369882339160793,231.3014311061095,5.884045396361049,14,11,16,41,1.4437577467182594
2021-01-03 16:00:00,1.4437577467182594,0.21006069610819725,238.18779529298433,5.736843897092434,16,15,16,47,1.606872008571247
2021-01-03 17:00:00,1.606872008571247,0.12959623134892242,234.40165052686928,4.718672442881787,17,26,10,53,1.1783969635258997
2021-01-03 18:00:00,1.1783969635258997,0.04809377324110729,233.52659262139548,5.066990717224872,5,10,24,39,1.5010598693676072
2021-01-03 19:00:00,1.5010598693676072,0.09959568445412978,245.80413393689258,5.5159392177041,16,9,2,27,1.3084908075142903
2021-01-03 20:00:00,1.3084908075142903,0.0564604039487072,237.66149399344053,3.4374541431134573,17,24,14,55,1.0064640736184627
2021-01-03 21:00:00,1.0064640736184627,0.13242432579793456,241.7325194086536,4.470947322653705,7,19,20,46,1.308418681652524
2021-01-03 22:00:00,1.308418681652524,0.15092091895947757,239.76539710560408,5.794264679621827,8,3,10,21,1.6614109699397908
2021-01-03 23:00:00,1.6614109699397908,0.23382186561376414,242.38520413611562,3.7457105768307506,5,11,15,31,1.1892521882670144
2021-01-04 00:00:00,1.1892521882670144,0.16634636868820812,240.38410945530129,5.293557932166629,4,22,24,50,1.6693930967442019
2021-01-04 01:00:00,1.6693930967442019,0.13904497355955678,233.58503887905715,3.643418195376595,11,1,21,33,0.4140764687730767
2021-01-04 02:00:00,0.4140764687730767,0.19147027905917446,244.9813340972357,5.466429982433526,10,23,8,41,1.4465707513125672
2021-01-04 03:00:00,1.4465707513125672,0.03944323454960573,237.53121708419343,4.964358517702516,0,21,23,44,1.2261141204714514
2021-01-04 04:00:00,1.2261141204714514,0.1617807279054283,232.21709050670125,3.3848681840944908,10,18,23,51,1.1102977948602397
2021-01-04 05:00:00,1.1102977948602397,0.18854325969434835,237.85942419517045,6.164739354457171,18,24,0,42,1.2275282329606507
2021-01-04 06:00:00,1.2275282329606507,0.07607068771100792,247.50379895317155,4.265408423201951,8,4,24,36,0.6037293256197321
2021-01-04 07:00:00,0.6037293256197321,0.20718770216034646,244.25110871056745,4.189747562985619,1,7,21,29,1.1340984336487463
2021-01-04 08:00:00,1.1340984336487463,0.1669248203747207,238.2567393279607,5.2005691972309425,11,6,15,32,1.3071337714535238
2021-01-04 09:00:00,1.3071337714535238,0.12923560430495992,238.25371147840787,6.148637349428715,3,13,8,24,1.6433682134224548
2021-01-04 10:00:00,1.6433682134224548,0.18163909330531425,238.39182474391308,3.984178181021603,3,23,18,44,1.0445189345179058
2021-01-04 11:00:00,1.0445189345179058,0.2635346428902198,250.3837399178042,5.061679849847971,17,22,11,50,0.9574519191320436
2021-01-04 12:00:00,0.9574519191320436,0.15909331275292476,241.90967726115775,5.428816500330573,14,2,18,34,1.049472886924639
2021-01-04 13:00:00,1.049472886924639,0.1624110293150168,242.15020823595535,5.693105607263144,18,17,21,56,1.4746206353106222
2021-01-04 14:00:00,1.4746206353106222,0.12703195502298778,245.15141727015921,5.176441555277226,12,15,8,35,1.2986253328979054
2021-01-04 15:00:00,1.2986253328979054,0.10750778152676041,241.19394579513258,4.632972160916678,18,22,6,46,1.0410719388698884
2021-01-04 16:00:00,1.0410719388698884,0.1915167908272123,238.7047892708965,4.17240977935128,16,18,13,47,1.3539802299340067
2021-01-04 17:00:00,1.3539802299340067,0.10719580870455664,239.01825075457512,5.0861438830463745,5,18,18,41,1.2291232648044121
2021-01-04 18:00:00,1.2291232648044121,0.15357831186096962,239.64199370292968,3.927860988014393,15,17,18,50,1.4905934971598667
2021-01-04 19:00:00,1.4905934971598667,0.12611712766174416,239.8138888174508,2.0786495165053926,11,19,1,31,0.9893840718367942
2021-01-04 20:00:00,0.9893840718367942,0.17394899128731958,243.6381477181849,5.4365598041576675,18,15,8,41,1.1017013560206694
2021-01-04 21:00:00,1.1017013560206694,0.1666831052643474,240.2597294290365,5.903934841086195,4,7,12,23,1.0823675540603528
2021-01-04 22:00:00,1.0823675540603528,0.20187699721289495,243.6632003860779,2.6370675644581616,16,27,14,57,0.7609455155603644
2021-01-04 23:00:00,0.7609455155603644,0.12449918005726264,239.59641709945708,3.9902692952900622,0,0,2,2,1.2888360831193728
2021-01-05 00:00:00,1.2888360831193728,0.13650625323533144,240.39317595158045,5.619154261005198,9,16,10,35,1.2783165816539668
2021-01-05 01:00:00,1.2783165816539668,0.10106181421088462,230.00899657733947,7.057495469711698,14,11,20,45,1.2015340369927383
2021-01-05 02:00:00,1.2015340369927383,0.1277853369961944,244.58163837351242,5.020793707675408,10,29,13,52,1.129623859987456
2021-01-05 03:00:00,1.129623859987456,0.1688650246522426,241.73244237948995,4.271997058770865,12,20,24,56,0.7753887773848758
2021-01-05 04:00:00,0.7753887773848758,0.1878494308322676,244.99005054929827,4.81710355889516,4,10,7,21,1.0738064031703922
2021-01-05 05:00:00,1.0738064031703922,0.10389173379111871,225.51872310903155,6.374876419148185,0,4,17,21,1.097185645041969
2021-01-05 06:00:00,1.097185645041969,0.193480296005283,250.44187352390364,4.354035820875465,11,26,18,55,0.9593168192335143
2021-01-05 07:00:00,0.9593168192335143,0.21778189294024752,239.30205185922412,4.200807993349747,10,11,15,36,1.1516142865001973
2021-01-05 08:00:00,1.1516142865001973,0.17067174516118505,245.5409140836876,4.517256477817968,16,16,1,33,1.3212152570443614
2021-01-05 09:00:00,1.3212152570443614,0.24383979062790329,234.80047036437236,4.046671391741287,3,5,7,15,1.765855770363159
2021-01-05 10:00:00,1.765855770363159,0.11131054004482134,243.06386952531284,5.122670315994796,14,0,21,35,1.2523733438495517
2021-01-05 11:00:00,1.2523733438495517,0.08776726483442915,234.73292218413172,6.62467845846956,8,4,5,17,1.2772651172168292
2021-01-05 12:00:00,1.2772651172168292,0.061063987554786064,236.88115519652098,5.323079273116029,19,24,11,54,1.1776662252701497
2021-01-05 13:00:00,1.1776662252701497,0.22480221557445915,249.57015676933392,4.7476464978737125,18,27,14,59,0.6243686354102875
2021-01-05 14:00:00,0.6243686354102875,0.1827182828177029,239.04658799618326,4.708188731084456,18,13,24,55,1.192045837365235
2021-01-05 15:00:00,1.192045837365235,0.14722076645447724,241.08716436589862,3.436809191303343,11,4,7,22,1.2180690629823079
2021-01-05 16:00:00,1.2180690629823079,0.163998431315991,244.35033865344377,5.883109777147159,4,21,3,28,1.938972633745586
2021-01-05 17:00:00,1.938972633745586,0.09372554763508117,242.47840943986301,4.922162802987198,9,23,14,46,1.1422917105656631
2021-01-05 18:00:00,1.1422917105656631,0.2722875989808413,240.7520945257179,4.819520086409375,16,26,19,61,1.2904642027000837
2021-01-05 19:00:00,1.2904642027000837,0.15646105909876137,241.82480501233113,8.19310756784486,4,0,24,28,1.189586469088427
2021-01-05 20:00:00,1.189586469088427,0.15546973973024464,252.01707792619138,5.298752908365686,15,29,16,60,0.8493965887141404
2021-01-05 21:00:00,0.8493965887141404,0.1862883311949346,239.71190601483207,4.248208949904816,6,17,12,35,1.542846844354506
2021-01-05 22:00:00,1.542846844354506,0.17405046158683565,241.00549523357483,4.573642403794457,8,15,17,40,1.4255799098060322
2021-01-05 23:00:00,1.4255799098060322,0.16119420121395656,245.25327198003805,6.148445709196755,2,8,1,11,1.437309584112914
2021-01-06 00:00:00,1.437309584112914,0.1104762772277344,245.5276296647899,5.113270410537765,14,18,12,44,0.9271837635615783
2021-01-06 01:00:00,0.9271837635615783,0.17357341785679978,245.9351515278019,3.561722021682633,15,21,12,48,1.6208382932808296
2021-01-06 02:00:00,1.6208382932808296,0.24410122482375168,243.19365111014594,5.919228934575203,17,4,21,42,0.7794446811623157
2021-01-06 03:00:00,0.7794446811623157,0.21727100230774887,234.2849754363476,4.331855914461006,13,26,14,53,1.376057128140081
2021-01-06 04:00:00,1.376057128140081,0.22965933133196986,248.16715766150548,6.873297776217545,2,1,19,22,1.8571366877429933
2021-01-06 05:00:00,1.8571366877429933,0.12443921617844074,234.26827303490657,6.0800480657146485,11,29,9,49,0.9028391024607935
2021-01-06 06:00:00,0.9028391024607935,0.10051975898707094,241.51317732619518,4.552678104341249,8,14,2,24,1.0301106811191685
2021-01-06 07:00:00,1.0301106811191685,0.1437106539950176,236.2286207499032,6.281016361735113,6,6,18,30,1.2298954095262924
2021-01-06 08:00:00,1.2298954095262924,0.1527862456144347,239.67930826703503,5.067855510527403,8,3,2,13,1.0489573037651403
2021-01-06 09:00:00,1.0489573037651403,0.20470957592354744,241.64381205151741,5.8527736751222195,12,0,21,33,0.7348009706801601
2021-01-06 10:00:00,0.7348009706801601,0.06537676851425903,241.60678607725137,5.484732817294475,17,12,13,42,1.220568892441808
2021-01-06 11:00:00,1.220568892441808,0.22647751597303067,242.1096037711764,4.153643345009127,4,19,7,30,0.8813088858821685
2021-01-06 12:00:00,0.8813088858821685,0.14209960507105052,248.06855634529325,4.356450167682538,12,21,22,55,1.3420777291905543
2021-01-06 13:00:00,1.3420777291905543,0.128655946502629,242.2676715075699,6.029960817581161,3,6,3,12,0.924172729729859
2021-01-06 14:00:00,0.924172729729859,0.09939478123699161,238.77921682354676,4.665224667893459,1,14,19,34,1.6649803215052619
2021-01-06 15:00:00,1.6649803215052619,0.06725716640671152,244.8204358414418,4.596351536758004,15,22,10,47,0.9650240122991288
2021-01-06 16:00:00,0.9650240122991288,0.19115852919809573,245.9473524446232,4.044877420650647,8,13,10,31,1.1033815451382973
2021-01-06 17:00:00,1.1033815451382973,0.15366589835942018,233.86196092431504,5.423599065593461,8,22,10,40,1.4440551652109008
2021-01-06 18:00:00,1.4440551652109008,0.0855019550129473,242.98700034924929,7.062524919243145,5,18,1,24,0.8307407050698135
2021-01-06 19:00:00,0.8307407050698135,0.08524606139681919,243.5058637115545,3.932467085745727,10,21,16,47,1.2682379803812387
2021-01-06 20:00:00,1.2682379803812387,0.1332107650354936,238.51218248320004,5.024219456672758,0,28,8,36,1.5921428262847284
2021-01-06 21:00:00,1.5921428262847284,0.23345107626446965,246.8785340665581,6.412220555415429,3,23,1,27,0.7177550296316317
2021-01-06 22:00:00,0.7177550296316317,0.13702043243181974,239.24972206483736,4.9203586087542845,12,19,23,54,1.2553901575596913
2021-01-06 23:00:00,1.2553901575596913,0.07484285234409468,240.6278822673577,5.452371796249734,12,28,14,54,1.277964838274527
2021-01-07 00:00:00,1.277964838274527,0.13771284679570278,239.13464087858065,3.9376064718531203,12,23,15,50,1.434546861533193
2021-01-07 01:00:00,1.434546861533193,0.13636382151261647,240.07789523790734,5.428307097207648,1,17,24,42,0.8289147867365754
2021-01-07 02:00:00,0.8289147867365754,0.015155667852921412,234.518624565524,4.812855734995451,8,9,3,20,0.8038630160747171
2021-01-07 03:00:00,0.8038630160747171,0.14728525667410938,232.79974558702853,5.985729995679863,7,8,7,22,1.3565824696850692
2021-01-07 04:00:00,1.3565824696850692,0.1384532734895661,247.97252531612486,6.187386051564751,6,24,8,38,1.2890954019699559
2021-01-07 05:00:00,1.2890954019699559,0.1848103182406709,235.76519325840837,7.589563642018614,3,7,4,14,1.275147855103763
2021-01-07 06:00:00,1.275147855103763,0.24244780474726726,235.04303825271847,5.579633173213575,17,25,15,57,1.3039344628490928
2021-01-07 07:00:00,1.3039344628490928,0.20632825147738787,229.2330494319814,5.325796316582166,2,29,12,43,0.9959925835264527
2021-01-07 08:00:00,0.9959925835264527,0.13655556547225847,236.8051912615525,5.194384301577336,5,28,6,39,1.269676109148301
2021-01-07 09:00:00,1.269676109148301,0.09467370456291647,233.38455103296252,4.6468337071893115,11,9,19,39,1.2879217419896043
2021-01-07 10:00:00,1.2879217419896043,0.278667990162493,248.21007580068184,5.338483843461691,11,16,16,43,0.9856945745920896
2021-01-07 11:00:00,0.9856945745920896,0.1529609217007244,245.04908544671318,4.704598589860971,7,1,2,10,1.759732353343427
2021-01-07 12:00:00,1.759732353343427,0.1506964645956473,236.55924827411138,5.168460976269614,0,5,4,9,1.3421498762735362
2021-01-07 13:00:00,1.3421498762735362,0.14879374564449982,251.26217902672155,6.31759753560796,3,25,18,46,0.8426089508392054
2021-01-07 14:00:00,0.8426089508392054,0.15990423803839274,244.90882743495797,3.9934574347203586,10,4,11,25,1.3969660825901489
2021-01-07 15:00:00,1.3969660825901489,0.14278197940380288,238.3758430824569,6.139878561129045,2,27,6,35,0.9075954989318036
2021-01-07 16:00:00,0.9075954989318036,0.12131689965598819,227.50297142563213,6.3171150673398655,12,29,8,49,1.4361253811227355
2021-01-07 17:00:00,1.4361253811227355,0.12265705293798039,251.4547128629537,4.881931473008922,16,8,5,29,1.5475786737022212
2021-01-07 18:00:00,1.5475786737022212,0.14836233648920008,233.05213766618203,2.8781451009914054,9,4,16,29,0.9537953044944868
2021-01-07 19:00:00,0.9537953044944868,0.12282876144331174,231.77300626521554,4.392178012905568,11,17,15,43,1.4890128387732964
2021-01-07 20:00:00,1.4890128387732964,0.11435771086614177,245.1128521600482,6.296994546561109,14,25,22,61,1.3238342780809496
2021-01-07 21:00:00,1.3238342780809496,0.15532151138459482,252.19876203169636,4.977131937701118,9,19,2,30,1.446618047998347
2021-01-07 22:00:00,1.446618047998347,0.13725113912895723,246.92136409255258,4.0006977677050894,13,8,20,41,1.7690378947961842
2021-01-07 23:00:00,1.7690378947961842,0.22519964942913442,242.8195456002618,4.4952250787717825,12,16,3,31,1.1263835651991387
2021-01-08 00:00:00,1.1263835651991387,0.017451509580349384,242.97377170832644,5.840620026504553,4,26,9,39,0.9738791506927531
2021-01-08 01:00:00,0.9738791506927531,0.2045753425961231,244.26707779390154,5.546733568201379,5,16,4,25,0.9331456711123429
2021-01-08 02:00:00,0.9331456711123429,0.21230425962488145,243.7946429489338,4.761067900830306,1,11,20,32,0.9552569145103684
2021-01-08 03:00:00,0.9552569145103684,0.04633048837959251,241.40595711984687,4.6331755881853125,16,6,21,43,1.1768694871757688
2021-01-08 04:00:00,1.1768694871757688,0.13286562029598256,240.52100551975937,4.608241850956178,3,26,9,38,1.3023455924449931
2021-01-08 05:00:00,1.3023455924449931,0.13142795670021043,239.6870343605024,4.077589815501497,13,2,11,26,1.2830072397990058
2021-01-08 06:00:00,1.2830072397990058,0.07962441526410893,236.23017705566662,6.615375689469442,9,9,9,27,1.4481549747108071
2021-01-08 07:00:00,1.4481549747108071,0.11110916562045622,238.59662461566612,4.6776795307886605,2,1,12,15,1.203900567563372
2021-01-08 08:00:00,1.203900567563372,0.09447120772670856,231.53521592902308,6.217158520825496,2,24,10,36,1.636060223147195
2021-01-08 09:00:00,1.636060223147195,0.23761352217118115,239.50830186602624,6.521316051922451,14,2,21,37,1.1206029500286132
2021-01-08 10:00:00,1.1206029500286132,0.19678391965737305,235.05704446424542,5.9983108981479605,5,15,15,35,2.016050749976886
2021-01-08 11:00:00,2.016050749976886,0.21357775474970792,234.48205341392114,4.5683796872819515,16,1,7,24,1.387700204329502
2021-01-08 12:00:00,1.387700204329502,0.18608360320216175,240.8994707557674,5.40373009033661,11,27,7,45,0.9428527330751152
2021-01-08 13:00:00,0.9428527330751152,0.09354741143913853,246.960011431723,4.975804393609084,19,23,24,66,0.8787322505816663
2021-01-08 14:00:00,0.8787322505816663,0.1237739866860113,244.59158303001158,4.096298139269872,10,9,7,26,1.3447417245729556
2021-01-08 15:00:00,1.3447417245729556,0.1744687280613959,232.1474969818841,5.324359281721603,3,5,12,20,1.1329611644022446
2021-01-08 16:00:00,1.1329611644022446,0.08889360955540272,235.0518593171483,3.8209602088401975,5,21,1,27,1.4142001482276276
2021-01-08 17:00:00,1.4142001482276276,0.1856499215086194,244.7038559399411,6.1876793884615635,0,25,11,36,1.3419712873720635
2021-01-08 18:00:00,1.3419712873720635,0.13798373009209325,235.08756303230845,4.535382702701607,19,10,9,38,1.1781513262029382
2021-01-08 19:00:00,1.1781513262029382,0.13125895962252013,238.87683425001487,5.201159655872839,15,22,11,48,0.9459618845794785
2021-01-08 20:00:00,0.9459618845794785,0.18554799841017458,242.75026049512275,5.283287871546142,14,6,10,30,0.7455458325942406
2021-01-08 21:00:00,0.7455458325942406,0.172213165574302,235.1582777256818,4.741095026295922,16,26,14,56,1.0660455143798937
2021-01-08 22:00:00,1.0660455143798937,0.131951691709046,240.5268775307298,5.586693801475275,7,28,15,50,1.4569196382970415
2021-01-08 23:00:00,1.4569196382970415,0.2079664901682124,233.32987252540897,4.525096343377475,11,14,16,41,1.264228123239061
2021-01-09 00:00:00,1.264228123239061,0.09594683362000513,236.99316178024392,5.871297297457244,9,5,1,15,0.8262783663864035
2021-01-09 01:00:00,0.8262783663864035,0.1807967803472132,241.5989096707127,3.6540203197532515,14,19,17,50,1.2519542777553545
2021-01-09 02:00:00,1.2519542777553545,0.17965506289841918,232.03503133234165,5.126379579546412,8,26,11,45,1.315595213918651
2021-01-09 03:00:00,1.315595213918651,0.13452267803430049,242.202373689802,6.938928999058285,1,8,18,27,0.9348427691396601
2021-01-09 04:00:00,0.9348427691396601,0.1663066511121059,239.9018110053666,3.9996686753944255,4,21,22,47,1.2461175317836584
2021-01-09 05:00:00,1.2461175317836584,0.08744432118073485,242.76244977208574,4.322255029475149,5,19,17,41,1.2174626155338
2021-01-09 06:00:00,1.2174626155338,0.19620135096034505,241.1195706703233,5.513907849658915,6,11,16,33,0.857108910650813
2021-01-09 07:00:00,0.857108910650813,0.14075489317785053,246.82070214986922,5.179581781939598,0,18,5,23,1.307336208104485
2021-01-09 08:00:00,1.307336208104485,0.12386384897404802,240.62612251323952,5.350630099273559,6,19,24,49,1.3682353579104702
2021-01-09 09:00:00,1.3682353579104702,0.20245046129184446,237.85297229437373,5.489187130147664,19,2,14,35,1.524915372952583
2021-01-09 10:00:00,1.524915372952583,0.11478281547286204,240.61148751516143,5.63472146856177,11,14,2,27,1.5161406156104709
2021-01-09 11:00:00,1.5161406156104709,0.079576935181822,242.71649014518195,6.109699841956223,15,1,5,21,0.7866991896128727
2021-01-09 12:00:00,0.7866991896128727,0.0721685413238048,240.2443003516285,5.409818656928513,15,29,2,46,0.9186524880254632
2021-01-09 13:00:00,0.9186524880254632,0.18030049756728198,240.20295845601942,4.7587423453814575,10,20,0,30,1.3545105801625978
2021-01-09 14:00:00,1.3545105801625978,0.08597853237518584,236.49004156096623,5.672573701202731,3,1,12,16,1.3541357852736626
2021-01-09 15:00:00,1.3541357852736626,0.23773970909921824,236.68549541224525,6.899881934895216,12,21,20,53,1.3545143058918143
2021-01-09 16:00:00,1.3545143058918143,0.045903529605813884,232.98697364100153,4.867366253617426,6,2,13,21,2.3558194471964162
2021-01-09 17:00:00,2.3558194471964162,0.23482281841450192,248.7478837159347,4.025470695329359,3,5,12,20,1.3712671532079501
2021-01-09 18:00:00,1.3712671532079501,0.1605508733601309,233.78068382304357,6.107080669286972,14,14,3,31,1.5406696920541796
2021-01-09 19:00:00,1.5406696920541796,0.14516434440648038,236.53547401102045,4.879618836046402,18,26,6,50,1.4862005290479607
2021-01-09 20:00:00,1.4862005290479607,0.1227540456595525,236.407963672154,2.827330453985964,8,9,21,38,1.3954173753917394
2021-01-09 21:00:00,1.3954173753917394,0.16995680571760355,244.4746218847222,5.847421677150422,10,8,9,27,1.1054192266078964
2021-01-09 22:00:00,1.1054192266078964,0.14811826487875757,238.52525160853986,4.464671814046078,7,0,6,13,1.4276907661479803
2021-01-09 23:00:00,1.4276907661479803,0.20516509410082606,246.23871036336868,4.909466717695839,0,15,20,35,0.9681524356387284
2021-01-10 00:00:00,0.9681524356387284,0.15571138243310198,236.63254687878066,5.3319803305690145,7,5,14,26,1.1289544179779973
2021-01-10 01:00:00,1.1289544179779973,0.15751508807309386,241.394970811119,5.190499679779067,12,8,14,34,1.0543909356512688
2021-01-10 02:00:00,1.0543909356512688,0.1318193893893072,235.82326473370122,5.70945181713904,3,26,3,32,1.2245622418158968
2021-01-10 03:00:00,1.2245622418158968,0.14715271881394662,250.72574563886695,4.564513629430157,7,3,22,32,1.8943975700020526
2021-01-10 04:00:00,1.8943975700020526,0.16539008844460296,234.06200790485244,5.513105798176083,2,26,22,50,0.6398204422224756
2021-01-10 05:00:00,0.6398204422224756,0.0644915803671687,241.54910355113515,4.740453322416083,8,27,5,40,1.405878057112354
2021-01-10 06:00:00,1.405878057112354,0.08259072889471435,243.1688844046605,5.738810480887503,1,1,23,25,0.7161852386431045
2021-01-10 07:00:00,0.7161852386431045,0.18716320470113573,242.0689954872575,5.615367484013054,1,28,19,48,1.0584204402631698
2021-01-10 08:00:00,1.0584204402631698,0.15854327190639708,239.07356170561147,4.064561297955405,12,3,4,19,1.5266851790902098
2021-01-10 09:00:00,1.5266851790902098,0.14080083318236603,239.35089650133287,6.085982116175032,14,0,19,33,1.2192840057286387
2021-01-10 10:00:00,1.2192840057286387,0.15092169665326965,240.21905735989554,4.464036554885952,11,18,11,40,0.8766765666212082
2021-01-10 11:00:00,0.8766765666212082,0.16737908526808354,239.26498999185756,5.808057798281145,3,25,0,28,0.9854088872220095
2021-01-10 12:00:00,0.9854088872220095,0.12301201598453192,244.81939558397454,5.367287313401341,7,24,7,38,1.4038793246804027
2021-01-10 13:00:00,1.4038793246804027,0.11108476372988435,251.05261500795675,6.838183676795122,8,9,0,17,0.980890010484859
2021-01-10 14:00:00,0.980890010484859,0.15979226275488406,237.21254107496082,4.776534017628148,4,20,4,28,1.2649375768745923
2021-01-10 15:00:00,1.2649375768745923,0.1010813611192484,233.1509851021046,4.650683203881803,19,14,21,54,1.213671551971144
2021-01-10 16:00:00,1.213671551971144,0.17041263778572358,239.55858975824373,4.980580394112267,17,26,5,48,1.0045198957182548
2021-01-10 17:00:00,1.0045198957182548,0.06487081978810796,252.89854668827158,4.696820217165724,10,21,20,51,1.8431832267975976
2021-01-10 18:00:00,1.8431832267975976,0.2014577818662822,235.98162716015133,5.79994190194205,14,18,2,34,1.3901757066954032
2021-01-10 19:00:00,1.3901757066954032,0.17362987412065214,248.19558402722035,3.3836893915634123,8,15,14,37,0.5924572240027178
2021-01-10 20:00:00,0.5924572240027178,0.16280148671569378,248.3885040703822,3.9463175808536457,16,20,4,40,1.2559362944308283
2021-01-10 21:00:00,1.2559362944308283,0.1991345491972757,237.23205879146002,3.932197078420807,11,26,23,60,1.0014640605694836
2021-01-10 22:00:00,1.0014640605694836,0.23327372222312884,242.84491539592636,5.9503075919735755,6,23,13,42,1.4557300004388671
2021-01-10 23:00:00,1.4557300004388671,0.2007185032509065,248.1419831156427,6.710613372581925,9,21,17,47,0.9622437784701898
2021-01-11 00:00:00,0.9622437784701898,0.05795628843341773,238.10436129506257,4.8955507814625285,9,3,15,27,1.1655790675599302
2021-01-11 01:00:00,1.1655790675599302,0.08602115166321492,238.98209819948818,4.83117827680999,12,1,5,18,1.351496183694137
2021-01-11 02:00:00,1.351496183694137,0.11875907111521605,237.09159543025677,5.070052163113181,18,29,24,71,1.4597265582510364
2021-01-11 03:00:00,1.4597265582510364,0.15130455251054167,234.92621634653565,6.161878302608191,10,24,23,57,0.839911077883267
2021-01-11 04:00:00,0.839911077883267,0.17588295102345614,236.75361227466996,4.072646865809426,12,12,13,37,1.0996496292477154
2021-01-11 05:00:00,1.0996496292477154,0.11371280934232672,233.8802986661887,5.2383689827347855,7,27,23,57,1.057516406651713
2021-01-11 06:00:00,1.057516406651713,0.1593383382238539,240.17041734129614,5.975197629782429,7,0,7,14,1.0040012302278865
2021-01-11 07:00:00,1.0040012302278865,0.11223085338233386,236.1501338447068,5.5010941699398455,3,16,6,25,1.729636272084329
2021-01-11 08:00:00,1.729636272084329,0.11942410985040258,241.16892955895375,5.189581616598743,14,12,7,33,1.3214945132882867
2021-01-11 09:00:00,1.3214945132882867,0.07966694515758888,232.22052176898185,6.001046092567141,10,3,12,25,0.8217348136994864
2021-01-11 10:00:00,0.8217348136994864,0.10383833769445477,241.6544011610723,2.296767707000763,10,6,5,21,1.4753585841164327
2021-01-11 11:00:00,1.4753585841164327,0.08241576971918331,244.16764480804463,5.677875319530908,0,16,17,33,1.8366468591037899
2021-01-11 12:00:00,1.8366468591037899,0.10120633735113335,230.03132178714273,4.345924316872576,16,8,1,25,1.509739578165344
2021-01-11 13:00:00,1.509739578165344,0.202682089830392,241.87028284923787,3.169367103143543,14,3,7,24,0.744189010213796
2021-01-11 14:00:00,0.744189010213796,0.10253005555840283,246.13834496236646,5.511202599524981,19,18,10,47,1.0547297781401246
2021-01-11 15:00:00,1.0547297781401246,0.28161910324186956,233.95179490654397,6.373658545162957,5,0,0,5,1.5800733447559867
2021-01-11 16:00:00,1.5800733447559867,0.17466589504404445,248.36286193418852,4.862551485372308,14,9,21,44,0.9876991603143658
2021-01-11 17:00:00,0.9876991603143658,0.15924180618474368,242.09509504683024,5.9528745472029385,8,3,5,16,1.3331458284438684
2021-01-11 18:00:00,1.3331458284438684,0.10708211099093931,236.47494072120796,6.612278257988645,13,8,15,36,1.432390216028801
2021-01-11 19:00:00,1.432390216028801,0.18501549397044956,239.72115461171148,6.314914453584048,17,12,19,48,0.921920858526575
2021-01-11 20:00:00,0.921920858526575,0.1212181086881113,242.7916345626086,6.639964529371393,16,13,11,40,1.1821423931814599
2021-01-11 21:00:00,1.1821423931814599,0.15610049073226806,240.38002695706206,5.7421274910718925,17,9,10,36,0.22761979797927823
2021-01-11 22:00:00,0.22761979797927823,0.27800422691343973,242.69377996223184,5.075433638901592,4,5,9,18,0.8926837075997129
2021-01-11 23:00:00,0.8926837075997129,0.1451970050137675,235.39663203460316,3.3980341881028315,19,15,2,36,1.124229554582052
2021-01-12 00:00:00,1.124229554582052,0.20746366631428378,240.8468041201804,4.753937511870052,19,5,12,36,0.8256650454105452
2021-01-12 01:00:00,0.8256650454105452,0.11484117874370561,232.9314275154751,4.156753404683808,8,16,2,26,1.6897233911794904
2021-01-12 02:00:00,1.6897233911794904,0.1482505754751519,239.4438696932565,7.170942717497814,10,9,14,33,0.7709575866118101
2021-01-12 03:00:00,0.7709575866118101,0.2385400317817755,235.48046179267604,4.824114187567663,0,17,15,32,1.0679866539909049
2021-01-12 04:00:00,1.0679866539909049,0.11865164711061163,236.32235028705117,5.123204806784486,17,26,12,55,1.2392221731858273
2021-01-12 05:00:00,1.2392221731858273,0.24062242789984645,246.18046587605218,5.551485376040468,5,21,16,42,1.6323819867198346
2021-01-12 06:00:00,1.6323819867198346,0.18538759677277378,245.45655060297133,5.043602446372454,1,17,2,20,0.7692413546461682
2021-01-12 07:00:00,0.7692413546461682,0.12187666120528662,243.04569060453588,6.695051040430753,14,2,19,35,1.5489491256464878
2021-01-12 08:00:00,1.5489491256464878,0.18162038695277605,234.5384361766371,4.377350638265548,13,19,10,42,1.2030699183058762
2021-01-12 09:00:00,1.2030699183058762,0.19862772248133648,238.417957751526,5.194607455237243,4,26,20,50,0.9055474046856147
2021-01-12 10:00:00,0.9055474046856147,0.1810904981108598,246.0654884998959,4.257529414301952,5,20,18,43,1.338631042278981
2021-01-12 11:00:00,1.338631042278981,0.07148876400547717,240.7085845681995,3.6799774887792944,5,24,21,50,1.259717908672041
2021-01-12 12:00:00,1.259717908672041,0.11364314120875657,251.59664769990846,4.388230909094714,17,27,10,54,1.0199349368523616
2021-01-12 13:00:00,1.0199349368523616,0.13762406822242476,241.96658919697185,4.962963202951588,13,14,15,42,1.2209406254970057
2021-01-12 14:00:00,1.2209406254970057,0.14627832854499767,240.96024558245017,4.57069777548274,9,14,20,43,1.0844059209414718
2021-01-12 15:00:00,1.0844059209414718,0.1810336048775339,238.45441767898748,4.307579020126144,13,3,2,18,1.2340552035753745
2021-01-12 16:00:00,1.2340552035753745,0.15888505004666267,240.66770452391142,3.593682536328166,12,28,21,61,1.398639202356314
2021-01-12 17:00:00,1.398639202356314,0.08323278206449493,239.23765081809728,4.9168944273713056,2,26,5,33,1.6758050448436055
2021-01-12 18:00:00,1.6758050448436055,0.16900989255029816,243.54054338344295,3.4952796259689975,5,8,13,26,0.8286553503519453
2021-01-12 19:00:00,0.8286553503519453,0.18052928726419115,244.7835115839729,5.760055963689602,7,26,23,56,1.83991001239688
2021-01-12 20:00:00,1.83991001239688,0.177989522396552,236.07005269746026,5.082439752934503,11,25,17,53,0.6143736601432495
2021-01-12 21:00:00,0.6143736601432495,0.2040390362777311,233.34383523221112,3.5424485005350697,12,18,16,46,1.1544644714893249
2021-01-12 22:00:00,1.1544644714893249,0.1916961077274452,230.8189731344835,4.6907909229501366,10,23,3,36,1.376495161945373
2021-01-12 23:00:00,1.376495161945373,0.17295900396142183,242.5399566345627,4.247843594409417,11,27,22,60,1.2842975603205098
2021-01-13 00:00:00,1.2842975603205098,0.14649171442706765,234.48316696913062,5.31917451041918,0,16,14,30,1.0131901440538218
2021-01-13 01:00:00,1.0131901440538218,0.06695195332420042,229.23554703523757,6.340450446023144,16,10,10,36,1.1375633248928174
2021-01-13 02:00:00,1.1375633248928174,0.1714809109566293,241.94289302265483,3.1248275303542554,15,24,2,41,1.05209971960235
2021-01-13 03:00:00,1.05209971960235,0.16038438435815555,252.46499758716396,5.115026079147417,10,8,2,20,1.0231905729167365
2021-01-13 04:00:00,1.0231905729167365,0.16357894185976868,239.96964544230053,4.83986720443336,12,9,15,36,1.4548806291063072
2021-01-13 05:00:00,1.4548806291063072,0.08616257120898452,244.1924538722582,5.671340076450465,17,17,4,38,1.3071046457895141
2021-01-13 06:00:00,1.3071046457895141,0.09594717297958688,240.40914679273783,5.213196628237689,10,19,20,49,0.9921271214218037
2021-01-13 07:00:00,0.9921271214218037,0.20265764266664518,239.50555173404427,4.248030668261181,11,12,9,32,1.4698799626299752
2021-01-13 08:00:00,1.4698799626299752,0.14802224230716723,244.59538241493885,4.680946064333382,5,7,18,30,1.2921898562629828
2021-01-13 09:00:00,1.2921898562629828,0.18407503486863122,238.54862727905675,4.203974143196511,8,6,24,38,1.443858635651688
2021-01-13 10:00:00,1.443858635651688,0.15141591880652305,241.3369615703595,6.076007138598598,15,16,3,34,1.3888886525770836
2021-01-13 11:00:00,1.3888886525770836,0.15148780697478725,241.60848903098008,5.021311648671942,3,20,18,41,0.9513014967233783
2021-01-13 12:00:00,0.9513014967233783,0.1969141902987999,236.65954773178476,6.901190685753008,2,22,10,34,1.031945687940909
2021-01-13 13:00:00,1.031945687940909,0.1241977635891313,244.96021174768262,4.9393391861853795,15,14,1,30,1.4241880815369785
2021-01-13 14:00:00,1.4241880815369785,0.15480603884704916,239.12520121652295,4.291593233089538,11,19,9,39,1.3831110796300394
2021-01-13 15:00:00,1.3831110796300394,0.12688623556474787,236.22127420253577,3.486285607387173,10,14,10,34,1.1937295218107555
2021-01-13 16:00:00,1.1937295218107555,0.12827518862838422,242.68254921785203,3.1968603237440547,4,0,24,28,1.2351982149926346
2021-01-13 17:00:00,1.2351982149926346,0.13454139382656802,235.5076600910448,3.4158640569945105,17,24,19,60,1.5832994687365274
2021-01-13 18:00:00,1.5832994687365274,0.16110668858168564,240.14090578684565,5.267126651011483,18,13,15,46,1.022528583349251
2021-01-13 19:00:00,1.022528583349251,0.12606256891682613,239.954405016779,5.508725023229934,5,4,18,27,1.3641292143510113
2021-01-13 20:00:00,1.3641292143510113,0.21278780627867605,245.4294778291579,3.418809297967867,17,10,22,49,1.1393422042698318
2021-01-13 21:00:00,1.1393422042698318,0.1052696348890248,242.37349116439975,5.895038314076116,5,15,23,43,1.134695639031834
2021-01-13 22:00:00,1.134695639031834,0.14065641779193205,239.87486520627428,4.516938948316561,3,1,10,14,1.529633055596157
2021-01-13 23:00:00,1.529633055596157,0.12801344708629125,244.08883149600143,5.146793011985549,11,7,13,31,1.447624904696409
2021-01-14 00:00:00,1.447624904696409,0.22234889421768664,246.95103774508658,6.612220628255424,18,10,1,29,1.4440528908001915
2021-01-14 01:00:00,1.4440528908001915,0.1598277388255787,242.7890515317593,5.896839315865532,1,28,22,51,1.5916436421462987
2021-01-14 02:00:00,1.5916436421462987,0.20159222697343174,240.0517630992169,4.731469352094168,16,17,4,37,1.2063011524898277
2021-01-14 03:00:00,1.2063011524898277,0.07572198134815139,233.4408188382492,4.1088077745847125,10,2,4,16,1.4045858913884892
2021-01-14 04:00:00,1.4045858913884892,0.16335251329346293,234.67443168462313,2.848184598670695,10,29,18,57,1.1069199730219632
2021-01-14 05:00:00,1.1069199730219632,0.19448153978117186,238.47387647822666,4.28084668075758,15,25,20,60,1.2972499057465325
2021-01-14 06:00:00,1.2972499057465325,0.1541141994637712,236.95243898920359,4.788869761172306,1,0,11,12,1.1609570836896945
2021-01-14 07:00:00,1.1609570836896945,0.20327401875326756,239.06514348507278,4.012820472848816,1,10,17,28,1.2290987894978154
2021-01-14 08:00:00,1.2290987894978154,0.12413557749498139,240.28324962448553,4.8687430329076955,7,15,3,25,1.378547107631074
2021-01-14 09:00:00,1.378547107631074,0.220467372009279,242.64846377178367,5.076851882958768,12,17,21,50,0.9545337950299582
2021-01-14 10:00:00,0.9545337950299582,0.2649449061809625,239.64750610970455,4.775144018191922,9,29,16,54,1.8277161827056378
2021-01-14 11:00:00,1.8277161827056378,0.13185807197801705,242.43250821913102,4.349997419176541,7,15,9,31,0.8981947855500894
2021-01-14 12:00:00,0.8981947855500894,0.1277248739299614,240.3223720740506,5.168654671966728,3,22,19,44,0.8357434161636803
2021-01-14 13:00:00,0.8357434161636803,0.22266922385588506,230.12266716823063,5.441940649569409,14,9,5,28,1.5474332620500202
2021-01-14 14:00:00,1.5474332620500202,0.22897860728653563,235.30332303090623,3.909600922557154,0,17,24,41,1.4374988081888807
2021-01-14 15:00:00,1.4374988081888807,0.12385699864233658,239.27956222139193,6.41093237974627,10,5,13,28,1.3872359451156464
2021-01-14 16:00:00,1.3872359451156464,0.12899065914520713,233.95152628579447,4.901411867715738,6,18,10,34,1.388503652779284
2021-01-14 17:00:00,1.388503652779284,0.13591076955697462,242.999643649981,5.018849622944848,16,3,10,29,1.1963259681459255
2021-01-14 18:00:00,1.1963259681459255,0.08277747444828613,247.6537541617185,5.708214423256557,19,26,17,62,0.9308236885542505
2021-01-14 19:00:00,0.9308236885542505,0.10406740267579008,246.09380925848657,5.233216131263502,17,12,22,51,1.2227413674581178
2021-01-14 20:00:00,1.2227413674581178,0.0997929616623966,238.93278564534896,5.953136633913245,11,23,21,55,0.9968514865463665
2021-01-14 21:00:00,0.9968514865463665,0.11161012174479357,247.45363068424976,5.287124165201824,8,13,17,38,1.4925359200253254
2021-01-14 22:00:00,1.4925359200253254,0.14826575563066094,240.74333728601056,4.387562625359562,4,2,23,29,1.1558827855493583
2021-01-14 23:00:00,1.1558827855493583,0.16171073662682603,238.3145701444098,5.361503525206102,9,9,22,40,0.9523508409622465
2021-01-15 00:00:00,0.9523508409622465,0.22752502464070384,236.9329866822953,3.856273792679338,3,5,10,18,1.103584247504102
2021-01-15 01:00:00,1.103584247504102,0.10008229796306045,238.48765156755937,5.108559705776523,4,0,20,24,1.3238794362826873
2021-01-15 02:00:00,1.3238794362826873,0.19921611992382918,238.05911590729386,4.966770009355539,9,22,11,42,1.0308826341588075
2021-01-15 03:00:00,1.0308826341588075,0.13930055778872455,240.85208111187742,4.79188314272746,10,23,4,37,0.9533338813300705
2021-01-15 04:00:00,0.9533338813300705,0.14752681451737834,240.8028699052493,4.871462488561069,9,26,22,57,1.2731061634475735
2021-01-15 05:00:00,1.2731061634475735,0.1837409746083302,240.01523010076707,3.1181509545023607,7,13,8,28,1.2734899713326169
2021-01-15 06:00:00,1.2734899713326169,0.09386389892188507,242.18469084873175,4.4512750922590385,1,7,24,32,1.047917047388661
2021-01-15 07:00:00,1.047917047388661,0.16912048730920254,245.95323137393171,5.092844901141115,7,18,8,33,1.058688508314503
2021-01-15 08:00:00,1.058688508314503,0.1583226104106528,244.74777067720663,5.1598563919974,15,13,21,49,1.2696149812072908
2021-01-15 09:00:00,1.2696149812072908,0.17462256320040745,232.57551015775047,3.9723248590740416,4,9,9,22,0.7655746975508027
2021-01-15 10:00:00,0.7655746975508027,0.1644584321953909,227.23039432549024,6.2657078408647005,2,16,21,39,0.7777608676870333
2021-01-15 11:00:00,0.7777608676870333,0.27276500699554473,244.67159955619636,4.1338251517855,11,8,18,37,0.9844667336242692
2021-01-15 12:00:00,0.9844667336242692,0.1181130007874342,233.1656065079229,5.969457200526737,12,28,0,40,1.1359658544864457
2021-01-15 13:00:00,1.1359658544864457,0.12345015224990911,238.8761729905366,5.427194361871685,12,5,6,23,1.2932722696794012
2021-01-15 14:00:00,1.2932722696794012,0.11884297367876177,234.1494348697032,4.353772690156197,9,10,3,22,1.6426068650848655
2021-01-15 15:00:00,1.6426068650848655,0.12222614404198726,230.9900978120999,6.775310892609512,3,24,0,27,1.4572978869606057
2021-01-15 16:00:00,1.4572978869606057,0.1181306436346741,242.70731364102394,3.8063631682435197,8,6,14,28,1.1520184410109717
2021-01-15 17:00:00,1.1520184410109717,0.20945082655537758,243.79577580151323,5.919154173610002,1,16,7,24,1.1942951376291933
2021-01-15 18:00:00,1.1942951376291933,0.22102521239949274,237.1174479963664,6.000582318042978,18,27,11,56,0.8992411906086573
2021-01-15 19:00:00,0.8992411906086573,0.12146268531252619,227.04478853927546,4.329379790923355,0,27,21,48,1.194446059202283
2021-01-15 20:00:00,1.194446059202283,0.10838222134478856,237.2687777587376,6.392465300064329,6,0,21,27,1.1134024083239584
2021-01-15 21:00:00,1.1134024083239584,0.1735707778193202,241.95902002701274,4.749953485401047,16,21,17,54,1.2968155681014268
2021-01-15 22:00:00,1.2968155681014268,0.12238884778595144,232.60544215612936,5.288693629279857,2,4,14,20,0.9518307169343031
2021-01-15 23:00:00,0.9518307169343031,0.18164659088777554,240.91679959889578,5.260321838771221,19,8,16,43,1.3558039542723517
2021-01-16 00:00:00,1.3558039542723517,0.16014615104256497,239.92345075413502,4.865691258529452,19,17,13,49,1.6598216739007732
2021-01-16 01:00:00,1.6598216739007732,0.0742127942501384,242.89645749800545,5.8108082731597825,2,23,13,38,1.1673719554629427
2021-01-16 02:00:00,1.1673719554629427,0.22737526006650308,240.59790184207077,5.793488720552213,2,26,17,45,1.3205135166296824
2021-01-16 03:00:00,1.3205135166296824,0.23979388365477608,235.1346552955922,3.2514680267618195,16,20,19,55,1.4070431975133337
2021-01-16 04:00:00,1.4070431975133337,0.11936056547578068,245.98285750832247,6.304340242878153,6,1,17,24,1.079633858434249
2021-01-16 05:00:00,1.079633858434249,0.1306149220032008,239.20735213486515,3.3375080119643257,13,28,15,56,1.267227744543125
2021-01-16 06:00:00,1.267227744543125,0.16429326953624523,239.86347730245035,6.032546204341657,16,25,0,41,1.2037777202345383
2021-01-16 07:00:00,1.2037777202345383,0.16672283949935124,235.33366020463401,6.126705136827583,17,10,22,49,1.2293028295646495
2021-01-16 08:00:00,1.2293028295646495,0.1829272136336415,237.78358874404245,3.9090335697848015,12,26,10,48,0.96809706484336
2021-01-16 09:00:00,0.96809706484336,0.2505102269383175,235.5759864298655,4.589185712045415,19,27,14,60,1.2073530522776827
2021-01-16 10:00:00,1.2073530522776827,0.14115263862529753,239.13526970038288,3.8942953315140643,19,5,11,35,1.3493994873736348
2021-01-16 11:00:00,1.3493994873736348,0.1100851377730773,248.55854240071173,4.785078969711265,17,25,7,49,1.6353430823385124
2021-01-16 12:00:00,1.6353430823385124,0.08103403859927363,233.1404942853432,4.691965715814259,3,7,21,31,1.4877812478255619
2021-01-16 13:00:00,1.4877812478255619,0.11345349800290404,231.9321930106163,5.7796605322693395,0,3,19,22,1.8459547372534668
2021-01-16 14:00:00,1.8459547372534668,0.14834365135631014,247.35585163746805,6.310308746119608,17,17,5,39,0.9697957311335851
2021-01-16 15:00:00,0.9697957311335851,0.23972789317588938,238.95338161424067,6.395683810789956,0,27,2,29,1.4616961910162034
2021-01-16 16:00:00,1.4616961910162034,0.12411943504819142,236.6546363067004,4.437831973421698,12,10,23,45,1.2550026017215055
2021-01-16 17:00:00,1.2550026017215055,0.16118939758194492,245.19952343698037,4.790778126255472,19,4,12,35,1.8569408799653018
2021-01-16 18:00:00,1.8569408799653018,0.1491788551963624,236.9719223013157,3.31656180777905,19,14,12,45,0.9575105143934546
2021-01-16 19:00:00,0.9575105143934546,0.2094196636724042,249.1300485677347,4.194129933503811,9,27,1,37,0.9480834473457671
2021-01-16 20:00:00,0.9480834473457671,0.2763466212936811,243.38962935669633,5.9648516330974575,10,17,4,31,1.0201822063667934
2021-01-16 21:00:00,1.0201822063667934,0.12345656135398396,237.56044295927148,6.615582823548232,8,1,16,25,0.562831282707058
2021-01-16 22:00:00,0.562831282707058,0.1255280278740889,250.78654106632752,3.765651128120078,8,21,5,34,1.0422734934957716
2021-01-16 23:00:00,1.0422734934957716,0.2022080438534536,236.97142538498332,4.407535740847106,4,10,1,15,0.9722602015338906
2021-01-17 00:00:00,0.9722602015338906,0.18409457448131555,243.71047686004653,4.973594243041073,0,25,3,28,1.2451181359428622
2021-01-17 01:00:00,1.2451181359428622,0.2423353662868017,241.49646290203245,5.280161158819607,16,24,21,61,1.3025267927331479
2021-01-17 02:00:00,1.3025267927331479,0.1791964092662982,246.50870644699398,4.190396480078354,1,12,10,23,1.7628512517647659
2021-01-17 03:00:00,1.7628512517647659,0.13203539546064702,247.80755598363427,5.424061044464089,12,3,7,22,1.485127151455815
2021-01-17 04:00:00,1.485127151455815,0.17953274153461546,240.16002074532884,4.526160652929084,8,21,11,40,1.026928903301279
2021-01-17 05:00:00,1.026928903301279,0.20543517902914538,236.23291064826907,4.985547729121721,3,6,7,16,0.9304755985954926
2021-01-17 06:00:00,0.9304755985954926,0.1910241090598682,242.29986071469557,5.546284248003699,4,28,10,42,1.3475757514519517
2021-01-17 07:00:00,1.3475757514519517,0.17536370155536488,236.61142315123948,5.006422269810938,10,10,21,41,0.8039300378938072
2021-01-17 08:00:00,0.8039300378938072,0.20333373447945768,250.06693623763312,4.5636141094734315,18,21,19,58,1.7494376297563061
2021-01-17 09:00:00,1.7494376297563061,0.20846477952228365,240.6826766554137,4.890390196074169,2,23,7,32,1.553832036216386
2021-01-17 10:00:00,1.553832036216386,0.21910794955187635,238.17339224343945,4.911637040794664,11,3,7,21,1.0592473043685886
2021-01-17 11:00:00,1.0592473043685886,0.18243549437948214,240.92340152932454,4.629988970117872,18,27,16,61,0.6860596412727368
2021-01-17 12:00:00,0.6860596412727368,0.14164409598415728,233.26436855235153,4.741203937332898,18,14,19,51,1.606161712249624
2021-01-17 13:00:00,1.606161712249624,0.15733568432166614,235.14192980744673,6.598647170504717,12,0,19,31,1.1656380464242146
2021-01-17 14:00:00,1.1656380464242146,0.21032544832541783,246.00206953972213,5.560919447941239,6,22,22,50,1.5713448935920384
2021-01-17 15:00:00,1.5713448935920384,0.10915321645063819,236.71552860514302,4.704519681970839,14,2,15,31,0.7216717023616899
2021-01-17 16:00:00,0.7216717023616899,0.16843366544364505,234.7654450865903,5.696954404510736,6,13,13,32,1.0201874931138681
2021-01-17 17:00:00,1.0201874931138681,0.13033305938363196,242.68326376263644,4.66618051024399,7,5,10,22,1.201573109915455
2021-01-17 18:00:00,1.201573109915455,0.15143724114674087,245.92852077331497,6.173124637586641,4,17,6,27,1.2140941781294226
2021-01-17 19:00:00,1.2140941781294226,0.21392259313036494,243.59476655332534,5.369642192198094,13,24,15,52,1.0649803585562267
2021-01-17 20:00:00,1.0649803585562267,0.15955495340099515,244.98023842902907,4.892697855995771,3,0,12,15,1.3868549797042495
2021-01-17 21:00:00,1.3868549797042495,0.15232182740780745,236.2160245571527,5.447716925810278,9,5,14,28,0.8797138711852217
2021-01-17 22:00:00,0.8797138711852217,0.08200719295100403,232.89094666629077,3.4291238479315007,19,5,23,47,1.157286154493612
2021-01-17 23:00:00,1.157286154493612,0.18731267830136103,247.50666825977743,3.8732325310901947,14,20,15,49,1.2360886895135696
2021-01-18 00:00:00,1.2360886895135696,0.18227420905705377,238.38660080578933,3.8060749936009444,17,15,20,52,1.3543316502176246
2021-01-18 01:00:00,1.3543316502176246,0.258162736165273,238.74583491772475,5.142943094763707,19,28,22,69,1.4134844634266668
2021-01-18 02:00:00,1.4134844634266668,0.13461108825234996,246.6409707092453,6.732514999485092,12,4,23,39,0.8626073724486392
2021-01-18 03:00:00,0.8626073724486392,0.16095751638319694,242.7811500470033,7.231300146192632,7,16,8,31,0.7397657487793132
2021-01-18 04:00:00,0.7397657487793132,0.16246918418553777,242.27943886040805,5.638051101440757,8,9,2,19,1.5833030465695526
2021-01-18 05:00:00,1.5833030465695526,0.2288726639881737,250.82501172450543,5.500844474944457,15,27,18,60,1.2996942035938774
2021-01-18 06:00:00,1.2996942035938774,0.1452352233806524,236.7824088480993,3.1989422658472613,18,20,19,57,0.9754540390330338
2021-01-18 07:00:00,0.9754540390330338,0.16395107628851696,244.6392006404062,4.457326200265978,15,17,4,36,1.6653455926567569
2021-01-18 08:00:00,1.6653455926567569,0.18039482548582697,240.2850656244854,4.212216248091761,6,6,9,21,1.2347023902878576
2021-01-18 09:00:00,1.2347023902878576,0.1593304561578179,241.3429613943163,4.379152401748884,13,2,16,31,1.5537891552191478
2021-01-18 10:00:00,1.5537891552191478,0.12767831927247358,247.64234213206265,4.83185618141521,13,12,14,39,1.2202555444230327
2021-01-18 11:00:00,1.2202555444230327,0.15970449964491537,242.53917878144813,4.527909422302873,3,14,22,39,1.818224377464596
2021-01-18 12:00:00,1.818224377464596,0.2036815874929886,242.69148039524816,3.020700189624212,14,19,24,57,1.7266022527329614
2021-01-18 13:00:00,1.7266022527329614,0.09867423502944697,245.36253668654902,5.7479102561175335,2,18,7,27,1.125310755456278
2021-01-18 14:00:00,1.125310755456278,0.1566484837073438,238.17523635228557,3.9272569742601933,4,2,14,20,1.4914712852863066
2021-01-18 15:00:00,1.4914712852863066,0.11499395925304133,235.80395166330496,5.239246864111149,0,3,20,23,1.3936127848755442
2021-01-18 16:00:00,1.3936127848755442,0.2097523314462421,234.77595402989482,7.0740826697499735,2,4,13,19,1.6105894672597045
2021-01-18 17:00:00,1.6105894672597045,0.07384065476081125,230.16821705312,4.080615408413577,14,0,19,33,0.9105229618259687
2021-01-18 18:00:00,0.9105229618259687,0.12205390763642057,250.2810356497016,2.4697124772536703,7,3,6,16,1.4058154379995318
2021-01-18 19:00:00,1.4058154379995318,0.16886059375322604,234.48395817139158,4.713995778119889,3,11,20,34,1.5175273460548762
2021-01-18 20:00:00,1.5175273460548762,0.228276201461717,238.89373188207114,6.100959634998571,1,27,22,50,0.6723781540730657
2021-01-18 21:00:00,0.6723781540730657,0.1467124869463506,238.6159335005554,6.958347454220593,9,26,11,46,0.8450224462002675
2021-01-18 22:00:00,0.8450224462002675,0.12224002366534008,241.5370334890455,3.7704504055475834,3,23,16,42,0.5882303466719698
2021-01-18 23:00:00,0.5882303466719698,0.24405785347202952,244.07868606269648,5.496699223236522,2,9,16,27,1.1191779496666325
2021-01-19 00:00:00,1.1191779496666325,0.0775993049791878,244.30236744179874,4.5346895432199466,1,22,9,32,1.4152626767387886
2021-01-19 01:00:00,1.4152626767387886,0.04005970216899589,237.0846128071553,4.894051645695864,16,24,18,58,1.6507071156288085
2021-01-19 02:00:00,1.6507071156288085,0.17200072250266663,239.16439143106794,7.644343347017035,19,20,13,52,1.2222284341259324
2021-01-19 03:00:00,1.2222284341259324,0.12489728878236944,241.4128997524415,3.497029671604847,12,28,10,50,1.6885846636713875
2021-01-19 04:00:00,1.6885846636713875,0.09893835914346433,238.75654436908226,5.253739661494573,4,25,1,30,0.7859695625355325
2021-01-19 05:00:00,0.7859695625355325,0.18541782236496768,248.03672788009996,5.467693171765434,8,19,17,44,0.6889852681934536
2021-01-19 06:00:00,0.6889852681934536,0.16219003568855994,242.45487475819127,6.085786324939347,5,23,6,34,1.1833356903310144
2021-01-19 07:00:00,1.1833356903310144,0.12179606846316357,243.67438893024908,5.097983153470896,4,24,11,39,1.3152196346817921
2021-01-19 08:00:00,1.3152196346817921,0.08598478006645527,243.31440634333705,5.308050539504102,9,12,1,22,1.190191575571772
2021-01-19 09:00:00,1.190191575571772,0.19362286641400722,245.8673692874266,4.608351432578209,7,22,19,48,0.579767369988037
2021-01-19 10:00:00,0.579767369988037,0.18251005889793304,240.90510779351854,5.269126941245108,6,13,17,36,1.1732639881461635
2021-01-19 11:00:00,1.1732639881461635,0.14504120681103086,233.51584026022076,4.656807724502589,6,22,5,33,0.808659149848544
2021-01-19 12:00:00,0.808659149848544,0.2423318498023833,241.9984397587632,5.6215718898560505,5,4,23,32,1.4009017646490114
2021-01-19 13:00:00,1.4009017646490114,0.09649576168369237,236.74321553104085,4.630389663956366,19,3,9,31,1.3099794738290544
2021-01-19 14:00:00,1.3099794738290544,0.07372374145376305,237.3569165912512,5.377100393902187,2,13,19,34,0.9180360641017934
2021-01-19 15:00:00,0.9180360641017934,0.11540459650593776,242.93182009377546,4.970737186315022,18,9,14,41,1.045839924798992
2021-01-19 16:00:00,1.045839924798992,0.1477206991822251,246.19141535716818,6.126050250772169,14,16,4,34,0.8822359434333145
2021-01-19 17:00:00,0.8822359434333145,0.1621669724661346,240.10635788368032,4.948606276411514,3,9,19,31,1.1811962708180483
2021-01-19 18:00:00,1.1811962708180483,0.1379381971071835,241.5441650629948,3.2269675317931186,11,25,2,38,1.4865426961503714
2021-01-19 19:00:00,1.4865426961503714,0.16760276982571484,248.5110747231762,6.261921500713992,5,6,4,15,0.9042821860993369
2021-01-19 20:00:00,0.9042821860993369,0.0874230287904778,241.20376589744285,4.094267699137381,18,15,24,57,1.3512139546553532
2021-01-19 21:00:00,1.3512139546553532,0.22218823020366296,253.00841557090197,4.34623366135118,3,0,7,10,1.0409227144882678
2021-01-19 22:00:00,1.0409227144882678,0.14589244108037155,242.82754822815772,4.404338705956508,14,16,7,37,0.9621381503212967
2021-01-19 23:00:00,0.9621381503212967,0.20586479157940638,231.1961862042209,6.374438093170817,8,20,7,35,1.1678908920136326
2021-01-20 00:00:00,1.1678908920136326,0.1671362673188852,243.76670810552267,2.8643257860213045,4,28,11,43,0.8894273032741877
2021-01-20 01:00:00,0.8894273032741877,0.17283766095768918,241.90579192441388,8.137748533659995,12,8,23,43,1.0339052083958453
2021-01-20 02:00:00,1.0339052083958453,0.1784883640116102,246.44876377041373,6.056056809066051,17,5,22,44,0.8406366322233454
2021-01-20 03:00:00,0.8406366322233454,0.17238542800086576,243.3659067563498,5.223238914129159,4,18,7,29,1.7894175398749166
2021-01-20 04:00:00,1.7894175398749166,0.1821361379933772,239.30772008008114,4.945105999383713,15,12,10,37,1.2105790655915185
2021-01-20 05:00:00,1.2105790655915185,0.21645762650662156,233.87850881855317,5.285554074857657,18,2,13,33,0.9900823476022242
2021-01-20 06:00:00,0.9900823476022242,0.1598260584850735,238.95488371356987,5.521122428379338,13,6,7,26,1.2641939732202665
2021-01-20 07:00:00,1.2641939732202665,0.1854501878794256,235.7473977289535,5.645215585950057,15,21,23,59,1.166301585092751
2021-01-20 08:00:00,1.166301585092751,0.14551321528563865,237.09738275097638,5.555604466003448,14,8,9,31,1.133709120140033
2021-01-20 09:00:00,1.133709120140033,0.22200586077247364,242.94289202210305,5.089580681255248,3,21,6,30,1.3842500100130275
2021-01-20 10:00:00,1.3842500100130275,0.1161803848970365,248.34952252175702,4.802661579692674,6,4,16,26,1.4272523130141914
2021-01-20 11:00:00,1.4272523130141914,0.2400470216455408,241.97335764911492,4.848726716346488,15,9,3,27,1.0408496557168416
2021-01-20 12:00:00,1.0408496557168416,0.14799210246778283,234.0205846898241,4.805091719647319,7,22,12,41,1.0272545278065959
2021-01-20 13:00:00,1.0272545278065959,0.07846124489409759,242.2230133411007,6.133770096867065,16,16,3,35,1.1174844908545067
2021-01-20 14:00:00,1.1174844908545067,0.15640522074553945,245.98315743322826,5.593556722280862,15,11,4,30,0.5094236505793245
2021-01-20 15:00:00,0.5094236505793245,0.11594741712625595,236.9510854784031,2.0596113653357198,9,22,21,52,0.7454426813404342
2021-01-20 16:00:00,0.7454426813404342,0.1920321774494362,239.3299141666354,5.655900776529761,9,15,3,27,1.6100622802333573
2021-01-20 17:00:00,1.6100622802333573,0.11736880103488045,240.07344097364597,5.194736194718775,1,2,17,20,1.693490314050385
2021-01-20 18:00:00,1.693490314050385,0.12769082833926101,236.0755084345888,4.981291243554103,8,29,5,42,1.1252891881330864
2021-01-20 19:00:00,1.1252891881330864,0.05552296345272344,243.2414021692193,4.611481546911114,16,24,23,63,1.3729670889167298
2021-01-20 20:00:00,1.3729670889167298,0.12738468403754616,239.39525925696108,6.124112719986013,10,21,23,54,1.2933750463630609
2021-01-20 21:00:00,1.2933750463630609,0.028806033668552153,242.09766221953515,5.947526462122858,9,8,22,39,2.123664242536571
2021-01-20 22:00:00,2.123664242536571,0.07080485882571383,235.5625391109895,4.227122332176391,16,28,21,65,1.535872473430373
2021-01-20 23:00:00,1.535872473430373,0.18802073280721487,237.81270849838296,5.407052287124535,3,14,1,18,1.16162472255577
2021-01-21 00:00:00,1.16162472255577,0.1892900079325416,243.61190678913886,4.028343265458714,15,4,22,41,0.9133378678198723
2021-01-21 01:00:00,0.9133378678198723,0.17127287808924824,238.13583423954117,3.6203818352110693,19,22,10,51,0.7180661039227283
2021-01-21 02:00:00,0.7180661039227283,0.10165119284353935,248.63481925616702,4.3732827754100345,14,12,13,39,1.261039090760167
2021-01-21 03:00:00,1.261039090760167,0.147614432192901,238.001819071927,5.862393472382759,4,13,4,21,0.973094776414709
2021-01-21 04:00:00,0.973094776414709,0.14981987304547156,241.12342362875944,5.953125045376087,5,19,5,29,0.7733238871206978
2021-01-21 05:00:00,0.7733238871206978,0.09208176554037285,244.66295415936546,5.513085420097293,16,14,9,39,1.006028134727242
2021-01-21 06:00:00,1.006028134727242,0.22516991508835754,232.90817133533483,5.725095786847997,0,15,7,22,0.8755355989156814
2021-01-21 07:00:00,0.8755355989156814,0.19386811452878355,231.19595594009613,5.5161782871149585,18,22,13,53,1.7061424905217693
2021-01-21 08:00:00,1.7061424905217693,0.1389517913085168,232.37171842714952,4.3585184047770476,3,12,23,38,1.464491927084835
2021-01-21 09:00:00,1.464491927084835,0.15134429194972654,246.31292051713592,5.431922544673941,16,16,2,34,1.1976082076050147
2021-01-21 10:00:00,1.1976082076050147,0.16041914039737762,237.24070927053776,5.800409525227682,8,22,11,41,1.6439832416670077
2021-01-21 11:00:00,1.6439832416670077,0.04791325657878545,252.79099642834126,5.754291329813574,1,7,15,23,1.2232104922942855
2021-01-21 12:00:00,1.2232104922942855,0.13764113087397015,237.17876200671304,6.1889133714746425,7,20,22,49,0.9416147396015209
2021-01-21 13:00:00,0.9416147396015209,0.11590078760011006,240.92275651598518,5.708303847201064,14,1,16,31,1.656937223180897
2021-01-21 14:00:00,1.656937223180897,0.09991899950525421,247.71054976283938,5.351448207541583,6,4,0,10,1.3616730131053976
2021-01-21 15:00:00,1.3616730131053976,0.13594498535570226,250.0304644407956,6.070150238316428,5,5,22,32,0.888826153702063
2021-01-21 16:00:00,0.888826153702063,0.23988432634247614,250.307517883182,4.97347874075094,0,11,9,20,1.1428983965749175
2021-01-21 17:00:00,1.1428983965749175,0.18204214306335048,246.0418311529657,4.118125348772282,14,17,24,55,0.9373145239845728
2021-01-21 18:00:00,0.9373145239845728,0.12144105051086015,245.1203126290573,4.836933036056236,6,29,22,57,0.7851600807106991
